{
    "meta": {
        "readme": "Byte Arena Training Map",
        "kind": "deathmatch",
        "maxcontestants": 2,
        "date": "2017-11-12T22:15:39+01:00",
        "repository": "https://github.com/bytearena/maps"
    },
    "data": {
        "grounds": [
            {
                "id": "133894558",
                "name": "Plane",
                "polygon": {
                    "points": [
                        [
                            1,
                            -0.9999999999999878
                        ],
                        [
                            1,
                            0.9999999999999878
                        ],
                        [
                            -1,
                            0.9999999999999878
                        ],
                        [
                            -1,
                            -0.9999999999999878
                        ]
                    ]
                },
                "mesh": {
                    "vertices": null,
                    "indices": null,
                    "uvs": null
                }
            }
        ],
        "starts": [
            {
                "id": "804204762",
                "name": "Vert.004",
                "point": [
                    -0.64269167,
                    -0.6427403812093924
                ]
            }
        ],
        "obstacles": [
            {
                "id": "503203266",
                "name": "Plane.001",
                "polygon": {
                    "points": [
                        [
                            -0.36921629999999994,
                            -0.961254301299838
                        ],
                        [
                            -0.16921629999999996,
                            -0.961254301299838
                        ],
                        [
                            -0.16921629999999996,
                            0.6382140987001426
                        ],
                        [
                            -0.36921629999999994,
                            0.6382140987001426
                        ]
                    ]
                }
            },
            {
                "id": "214760110",
                "name": "Vert.002",
                "polygon": {
                    "points": [
                        [
                            -0.5355807000000001,
                            0.939543699270809
                        ],
                        [
                            -0.262116,
                            0.6384754992708128
                        ],
                        [
                            -0.3243492,
                            0.6392465992708127
                        ],
                        [
                            -0.5332990000000001,
                            0.8773475992708099
                        ],
                        [
                            -0.9373806,
                            0.6305551992708128
                        ],
                        [
                            -0.9130572000000001,
                            -0.916209800729168
                        ],
                        [
                            0.8982939999999999,
                            -0.922587800729168
                        ],
                        [
                            -0.23660110000000004,
                            0.6187894992708131
                        ],
                        [
                            -0.1770731,
                            0.620915599270813
                        ],
                        [
                            0.962074,
                            -0.9714858007291675
                        ],
                        [
                            -0.9683334000000001,
                            -0.9714858007291675
                        ],
                        [
                            -0.9990348000000002,
                            0.6390591992708128
                        ]
                    ]
                }
            },
            {
                "id": "922921266",
                "name": "Vert",
                "polygon": {
                    "points": [
                        [
                            -0.7898464,
                            0.08188049927081964
                        ],
                        [
                            -0.7887628999999999,
                            -0.11748120072917789
                        ],
                        [
                            -0.5850673,
                            -0.11856470072917791
                        ],
                        [
                            -0.5861506999999999,
                            0.08404749927081961
                        ]
                    ]
                }
            }
        ],
        "collisionmeshes": null
    }
}
