{"name":"Untitled","created":"2017-11-01T12:05:44.121Z","settings":{"physics":{"gravity":[0,-9.8,0]},"render":{"fog_end":1000,"tonemapping":3,"skybox":null,"fog_density":0.01,"gamma_correction":1,"exposure":1,"fog_start":1,"global_ambient":[1,1,1],"skyboxIntensity":1,"fog_color":[0,0,0],"lightmapMode":1,"fog":"none","lightmapMaxResolution":2048,"skyboxMip":0,"lightmapSizeMultiplier":16}},"entities":{"fcd9270b-befc-11e7-98e1-026349a27a7c":{"position":[2,33.43479919433594,-2],"scale":[1,1,1],"name":"Light","parent":"fcd92709-befc-11e7-98e1-026349a27a7c","resource_id":"fcd9270b-befc-11e7-98e1-026349a27a7c","components":{"light":{"vsmBlurSize":11,"normalOffsetBias":0.05,"color":[1,1,1],"outerConeAngle":45,"castShadows":true,"intensity":1.78,"bakeDir":true,"cookieAngle":0,"cookieChannel":"rgb","innerConeAngle":40,"bake":false,"falloffMode":0,"cookieIntensity":1,"vsmBias":0.01,"vsmBlurMode":1,"type":"point","cookieFalloff":true,"isStatic":false,"shadowUpdateMode":1,"cookieScale":[1,1],"affectLightmapped":false,"shadowBias":0.2,"affectDynamic":true,"cookieAsset":null,"cookieOffset":[0,0],"shadowResolution":2048,"enabled":true,"range":100,"shadowDistance":16,"shadowType":0}},"rotation":[45,135,0],"tags":[],"enabled":true,"children":[]},"fcd92709-befc-11e7-98e1-026349a27a7c":{"position":[0,0,0],"scale":[1,1,1],"name":"Root","parent":null,"resource_id":"fcd92709-befc-11e7-98e1-026349a27a7c","components":{},"rotation":[0,0,0],"tags":[],"enabled":true,"children":["fcd9270a-befc-11e7-98e1-026349a27a7c","fcd9270b-befc-11e7-98e1-026349a27a7c","9bebfbbf-993e-4fc9-9fea-4dfdb6c8d133"]},"fcd9270a-befc-11e7-98e1-026349a27a7c":{"position":[1.3773153284546424e-7,500.8741760253906,1.1103340198225647e-13],"scale":[1,1,1],"name":"Camera","parent":"fcd92709-befc-11e7-98e1-026349a27a7c","resource_id":"fcd9270a-befc-11e7-98e1-026349a27a7c","components":{"camera":{"projection":1,"farClip":1000,"clearColorBuffer":true,"priority":0,"fov":45,"clearDepthBuffer":true,"frustumCulling":true,"clearColor":[0.118,0.118,0.118,1],"enabled":true,"orthoHeight":15.59519156663361,"nearClip":0.1,"rect":[0,0,1,1]}},"rotation":[-90,0,-1.5781294493422138e-8],"tags":[],"enabled":true,"children":[]},"9bebfbbf-993e-4fc9-9fea-4dfdb6c8d133":{"name":"training-dojo","tags":[],"enabled":true,"resource_id":"9bebfbbf-993e-4fc9-9fea-4dfdb6c8d133","parent":"fcd92709-befc-11e7-98e1-026349a27a7c","children":[],"position":[0,0,0],"rotation":[0,0,0],"scale":[1,1,1],"components":{"model":{"enabled":true,"isStatic":false,"type":"asset","asset":9761558,"materialAsset":null,"castShadows":true,"castShadowsLightmap":true,"receiveShadows":true,"lightmapped":false,"lightmapSizeMultiplier":1}}}},"id":563050}