{"name":"Untitled","created":"2017-10-08T09:09:23.045Z","settings":{"physics":{"gravity":[0,-9.8,0]},"render":{"fog_end":1000,"tonemapping":3,"skybox":9418847,"fog_density":0.03,"gamma_correction":1,"exposure":0.7,"fog_start":1,"global_ambient":[0.6745098039215687,0.6745098039215687,0.6745098039215687],"skyboxIntensity":0.5,"fog_color":[0.25882352941176473,0.25882352941176473,0.25882352941176473],"lightmapMode":1,"fog":"exp","lightmapMaxResolution":2048,"skyboxMip":0,"lightmapSizeMultiplier":16}},"entities":{"601f1a3e-ac08-11e7-98e1-026349a27a7c":{"position":[-575.0763549804688,-568.6389770507812,92.72119140625],"scale":[1,1,1],"name":"Camera","parent":"601f1a3d-ac08-11e7-98e1-026349a27a7c","resource_id":"601f1a3e-ac08-11e7-98e1-026349a27a7c","components":{"camera":{"projection":0,"farClip":1000,"clearColorBuffer":true,"priority":0,"fov":45,"clearDepthBuffer":true,"frustumCulling":true,"clearColor":[0.118,0.118,0.118,1],"enabled":true,"orthoHeight":3.603349947842953,"nearClip":0.1,"rect":[0,0,1,1]}},"rotation":[-7.8000006675720215,-17.399999618530273,5.322718266143056e-8],"tags":[],"enabled":true,"children":[]},"601f1a3f-ac08-11e7-98e1-026349a27a7c":{"position":[0,10,0],"scale":[1,1,1],"name":"Other side Light","parent":"601f1a3d-ac08-11e7-98e1-026349a27a7c","resource_id":"601f1a3f-ac08-11e7-98e1-026349a27a7c","components":{"light":{"vsmBlurSize":1,"normalOffsetBias":0.05,"color":[1,1,1],"outerConeAngle":45,"castShadows":true,"intensity":2.9,"bakeDir":true,"cookieAngle":0,"cookieChannel":"rgb","innerConeAngle":40,"bake":false,"falloffMode":0,"cookieIntensity":1,"vsmBias":0.01,"vsmBlurMode":1,"type":"directional","cookieFalloff":true,"isStatic":false,"shadowUpdateMode":1,"cookieScale":[1,1],"affectLightmapped":false,"shadowBias":0.2,"affectDynamic":true,"cookieAsset":null,"cookieOffset":[0,0],"shadowResolution":2048,"enabled":true,"range":16,"shadowDistance":32,"shadowType":4}},"rotation":[-50,0,0],"tags":[],"enabled":true,"children":[]},"601f1a3d-ac08-11e7-98e1-026349a27a7c":{"position":[0,0,0],"scale":[1,1,1],"name":"Root","parent":null,"resource_id":"601f1a3d-ac08-11e7-98e1-026349a27a7c","components":{"script":{"enabled":true,"order":["firstPersonMovement"],"scripts":{"firstPersonMovement":{"enabled":true,"attributes":{"camera":"601f1a3e-ac08-11e7-98e1-026349a27a7c"}}}}},"rotation":[0,0,0],"tags":[],"enabled":true,"children":["601f1a3e-ac08-11e7-98e1-026349a27a7c","71effbe3-1518-4288-984a-fc0536b1cfbf","06878423-bf1b-4e31-99f9-b8c8803aad35","601f1a3f-ac08-11e7-98e1-026349a27a7c","86eb9f58-05ea-4602-8b3f-a135a635a176"]},"71effbe3-1518-4288-984a-fc0536b1cfbf":{"name":"Zenith light","tags":[],"enabled":true,"resource_id":"71effbe3-1518-4288-984a-fc0536b1cfbf","parent":"601f1a3d-ac08-11e7-98e1-026349a27a7c","children":[],"position":[0,6.308878421783447,6.069240093231201],"rotation":[0,0,0],"scale":[1,1,1],"components":{"light":{"enabled":true,"type":"directional","isStatic":false,"bake":false,"affectDynamic":true,"color":[1,1,1],"intensity":0.87,"castShadows":false,"shadowType":0,"shadowDistance":16,"shadowResolution":1024,"shadowBias":0.2,"normalOffsetBias":0.05,"vsmBlurMode":1,"vsmBlurSize":11,"vsmBias":0.01,"range":8,"falloffMode":0,"innerConeAngle":40,"outerConeAngle":45,"cookieAsset":null,"cookieIntensity":1,"cookieFalloff":true,"cookieChannel":"rgb","cookieAngle":0,"cookieOffset":[0,0],"cookieScale":[1,1],"bakeDir":true,"affectLightmapped":true,"shadowUpdateMode":2}}},"06878423-bf1b-4e31-99f9-b8c8803aad35":{"name":"Side light","tags":[],"enabled":true,"resource_id":"06878423-bf1b-4e31-99f9-b8c8803aad35","parent":"601f1a3d-ac08-11e7-98e1-026349a27a7c","children":[],"position":[0,6.308878421783447,6.069240093231201],"rotation":[100,0,0],"scale":[1,1,1],"components":{"light":{"enabled":true,"type":"directional","isStatic":false,"bake":false,"affectDynamic":true,"color":[1,1,1],"intensity":1.33,"castShadows":false,"shadowType":0,"shadowDistance":16,"shadowResolution":1024,"shadowBias":0.2,"normalOffsetBias":0.05,"vsmBlurMode":1,"vsmBlurSize":11,"vsmBias":0.01,"range":8,"falloffMode":0,"innerConeAngle":40,"outerConeAngle":45,"cookieAsset":null,"cookieIntensity":1,"cookieFalloff":true,"cookieChannel":"rgb","cookieAngle":0,"cookieOffset":[0,0],"cookieScale":[1,1],"bakeDir":true,"affectLightmapped":true,"shadowUpdateMode":2}}},"86eb9f58-05ea-4602-8b3f-a135a635a176":{"name":"flatmap-model","tags":[],"enabled":true,"resource_id":"86eb9f58-05ea-4602-8b3f-a135a635a176","parent":"601f1a3d-ac08-11e7-98e1-026349a27a7c","children":[],"position":[0,0,0],"rotation":[0,0,0],"scale":[1,1,1],"components":{"model":{"enabled":true,"isStatic":false,"type":"asset","asset":9811065,"materialAsset":null,"castShadows":true,"castShadowsLightmap":true,"receiveShadows":true,"lightmapped":false,"lightmapSizeMultiplier":1}}}},"id":557149}