{
    "meta": {
        "readme": "Byte Arena Map",
        "kind": "deathmatch",
        "maxcontestants": 6,
        "date": "2017-11-21T16:00:16+01:00"
    },
    "data": {
        "grounds": [
            {
                "id": "699735347",
                "name": "Circle.001",
                "polygon": {
                    "points": [
                        [
                            1.73205,
                            -0.9999999999999877
                        ],
                        [
                            1.73205,
                            0.9999999999999877
                        ],
                        [
                            0,
                            1.9999999999999754
                        ],
                        [
                            -1.73205,
                            0.9999999999999877
                        ],
                        [
                            -1.73205,
                            -0.9999999999999877
                        ],
                        [
                            0,
                            -1.9999999999999754
                        ]
                    ]
                }
            }
        ],
        "starts": [
            {
                "id": "140625311",
                "name": "Torus.001",
                "point": [
                    -1.113872,
                    0.645651999999992
                ]
            },
            {
                "id": "320689702",
                "name": "Torus",
                "point": [
                    -1.05473,
                    -0.650579999999992
                ]
            },
            {
                "id": "723327988",
                "name": "Torus.004",
                "point": [
                    1.005442,
                    -0.6062219999999925
                ]
            },
            {
                "id": "118956401",
                "name": "Torus.002",
                "point": [
                    -0.004928,
                    1.227231999999985
                ]
            },
            {
                "id": "148870862",
                "name": "Torus.003",
                "point": [
                    0.9808000000000001,
                    0.6604379999999919
                ]
            },
            {
                "id": "845701659",
                "name": "Torus.005",
                "point": [
                    -0.004928,
                    -1.192731999999985
                ]
            }
        ],
        "obstacles": [
            {
                "id": "845002810",
                "name": "Vert.000",
                "polygon": {
                    "points": [
                        [
                            0.6526174696259819,
                            -0.044159595586828804
                        ],
                        [
                            0.682365040685561,
                            0.33049638402110026
                        ],
                        [
                            0.45259726308166764,
                            0.4405126980572493
                        ],
                        [
                            0.24461518686963063,
                            0.29633444467384334
                        ],
                        [
                            -0.04628232488402245,
                            0.4964975975677652
                        ],
                        [
                            -0.3612919789942678,
                            0.4925540693404474
                        ],
                        [
                            -0.48353530509226134,
                            0.24879098826172322
                        ],
                        [
                            -0.3172683188280178,
                            0.13836639494597144
                        ],
                        [
                            -0.3172683188280178,
                            0.13836639494597144
                        ],
                        [
                            -0.4168254724277318,
                            -0.05118512579435869
                        ],
                        [
                            -0.3157068966933444,
                            -0.22953077780205328
                        ],
                        [
                            -0.3452475984746064,
                            -0.2625119001986341
                        ],
                        [
                            -0.5022929622774835,
                            -0.2428855431316767
                        ],
                        [
                            -0.6082827433839497,
                            -0.15318874820300693
                        ],
                        [
                            -0.6732923329629614,
                            0.006673724437671724
                        ],
                        [
                            -0.7237785899251178,
                            -0.0029285032076918904
                        ],
                        [
                            -0.642719600336997,
                            -0.17100507747715682
                        ],
                        [
                            -0.5248847745006344,
                            -0.28701898800521564
                        ],
                        [
                            -0.30639091395684936,
                            -0.3102508985859926
                        ],
                        [
                            -0.2446566120946566,
                            -0.28362122613007895
                        ],
                        [
                            -0.36115817753287105,
                            -0.026514267237226302
                        ],
                        [
                            -0.2862455705426339,
                            0.11489133798409218
                        ],
                        [
                            -0.07947608250596067,
                            0.024241448053687664
                        ],
                        [
                            -0.058409415314697954,
                            -0.09287390379449567
                        ],
                        [
                            -0.008998287725010268,
                            -0.09031672791790518
                        ],
                        [
                            -0.0369194841992555,
                            0.048029061872091494
                        ],
                        [
                            -0.26071641704647897,
                            0.14992699670253232
                        ],
                        [
                            -0.423855099764344,
                            0.2714077502845802
                        ],
                        [
                            -0.3447394996428435,
                            0.4309159296889174
                        ],
                        [
                            -0.057545524677307225,
                            0.44597409590812714
                        ],
                        [
                            0.23959515091675482,
                            0.2478251273633626
                        ],
                        [
                            0.4580904180833127,
                            0.3820033445248795
                        ],
                        [
                            0.6377543458445807,
                            0.30269585976963986
                        ],
                        [
                            0.6074093351675576,
                            -0.0286141972804006
                        ]
                    ]
                }
            },
            {
                "id": "19015284",
                "name": "Vert.003",
                "polygon": {
                    "points": [
                        [
                            -0.007174000000000014,
                            -1.7394499999999788
                        ],
                        [
                            -1.497986,
                            -0.8646759999999893
                        ],
                        [
                            -1.497986,
                            0.8561239999999893
                        ],
                        [
                            -1.3785500000000002,
                            0.8206419999999898
                        ],
                        [
                            -1.3747800000000001,
                            -0.7989659999999903
                        ],
                        [
                            0.005145999999999873,
                            -1.5916019999999804
                        ],
                        [
                            1.376858,
                            -0.7989659999999903
                        ],
                        [
                            1.376858,
                            0.7986259999999901
                        ],
                        [
                            -0.0030680000000000707,
                            1.5912619999999804
                        ],
                        [
                            -1.3954760000000002,
                            0.7854719999999902
                        ],
                        [
                            -1.50025,
                            0.8665179999999892
                        ],
                        [
                            0.0010399999999999299,
                            1.7350059999999785
                        ],
                        [
                            1.500066,
                            0.8684439999999892
                        ],
                        [
                            1.495958,
                            -0.8687839999999893
                        ]
                    ]
                }
            }
        ]
    }
}
