{"name":"Untitled","created":"2017-11-21T13:50:25.787Z","settings":{"physics":{"gravity":[0,-9.8,0]},"render":{"fog_end":1000,"tonemapping":3,"skybox":null,"fog_density":0.03,"gamma_correction":1,"exposure":1,"fog_start":1,"global_ambient":[0.9450980392156862,0.9450980392156862,0.9450980392156862],"skyboxIntensity":1,"fog_color":[0.25882352941176473,0.25882352941176473,0.25882352941176473],"lightmapMode":1,"fog":"exp","lightmapMaxResolution":2048,"skyboxMip":0,"lightmapSizeMultiplier":16}},"entities":{"ed46499f-cec2-11e7-98e1-026349a27a7c":{"position":[0,0,0],"scale":[1,1,1],"name":"Root","parent":null,"resource_id":"ed46499f-cec2-11e7-98e1-026349a27a7c","components":{},"rotation":[0,0,0],"tags":[],"enabled":true,"children":["ed4649a0-cec2-11e7-98e1-026349a27a7c","ed4649a1-cec2-11e7-98e1-026349a27a7c","181defed-c026-4d00-a25a-2d48511d0d3c","6d4ec8c8-b3e9-4ef1-9365-e27edc81ba00","e7daed79-c2bb-4b92-b631-21dfb71073af"]},"ed4649a0-cec2-11e7-98e1-026349a27a7c":{"position":[0,4,0],"scale":[1,1,1],"name":"Camera","parent":"ed46499f-cec2-11e7-98e1-026349a27a7c","resource_id":"ed4649a0-cec2-11e7-98e1-026349a27a7c","components":{"camera":{"projection":0,"farClip":1000,"clearColorBuffer":true,"priority":0,"fov":45,"clearDepthBuffer":true,"frustumCulling":true,"clearColor":[0.118,0.118,0.118,1],"enabled":true,"orthoHeight":4,"nearClip":0.1,"rect":[0,0,1,1]}},"rotation":[-90,0,0],"tags":[],"enabled":true,"children":[]},"ed4649a1-cec2-11e7-98e1-026349a27a7c":{"position":[2,2,-2],"scale":[1,1,1],"name":"Light","parent":"ed46499f-cec2-11e7-98e1-026349a27a7c","resource_id":"ed4649a1-cec2-11e7-98e1-026349a27a7c","components":{"light":{"vsmBlurSize":11,"normalOffsetBias":0.05,"color":[1,1,1],"outerConeAngle":45,"castShadows":true,"intensity":0.6,"bakeDir":true,"cookieAngle":0,"cookieChannel":"rgb","innerConeAngle":40,"bake":true,"falloffMode":0,"cookieIntensity":1,"vsmBias":0.01,"vsmBlurMode":1,"type":"directional","cookieFalloff":true,"isStatic":true,"shadowUpdateMode":2,"cookieScale":[1,1],"affectLightmapped":false,"shadowBias":0.2,"affectDynamic":true,"cookieAsset":null,"cookieOffset":[0,0],"shadowResolution":2048,"enabled":true,"range":8,"shadowDistance":16,"shadowType":4}},"rotation":[45,135,0],"tags":[],"enabled":true,"children":[]},"181defed-c026-4d00-a25a-2d48511d0d3c":{"position":[-1.9892206192016602,2,1.9892206192016602],"scale":[1,1,1],"name":"Light","parent":"ed46499f-cec2-11e7-98e1-026349a27a7c","resource_id":"181defed-c026-4d00-a25a-2d48511d0d3c","components":{"light":{"vsmBlurSize":11,"normalOffsetBias":0.05,"color":[1,1,1],"outerConeAngle":45,"castShadows":true,"intensity":0.6,"bakeDir":true,"cookieAngle":0,"cookieChannel":"rgb","innerConeAngle":40,"bake":true,"falloffMode":0,"cookieIntensity":1,"vsmBias":0.01,"vsmBlurMode":1,"type":"directional","cookieFalloff":true,"isStatic":true,"shadowUpdateMode":2,"cookieScale":[1,1],"affectLightmapped":false,"shadowBias":0.2,"affectDynamic":true,"cookieAsset":null,"cookieOffset":[0,0],"shadowResolution":2048,"enabled":true,"range":8,"shadowDistance":16,"shadowType":4}},"rotation":[-45,135,0],"tags":[],"enabled":true,"children":[]},"6d4ec8c8-b3e9-4ef1-9365-e27edc81ba00":{"name":"hexagon","tags":[],"enabled":true,"resource_id":"6d4ec8c8-b3e9-4ef1-9365-e27edc81ba00","parent":"ed46499f-cec2-11e7-98e1-026349a27a7c","children":[],"position":[0,0,0],"rotation":[0,0,0],"scale":[1,1,1],"components":{"model":{"enabled":true,"isStatic":false,"type":"asset","asset":9981052,"materialAsset":null,"castShadows":true,"castShadowsLightmap":true,"receiveShadows":true,"lightmapped":false,"lightmapSizeMultiplier":1}}},"e7daed79-c2bb-4b92-b631-21dfb71073af":{"name":"UI","tags":[],"enabled":true,"resource_id":"e7daed79-c2bb-4b92-b631-21dfb71073af","parent":"ed46499f-cec2-11e7-98e1-026349a27a7c","children":["0e7a5931-a193-426b-b2ba-37f8fbe339e7"],"position":[0,0,0],"rotation":[0,0,0],"scale":[1,1,1],"components":{"screen":{"enabled":true,"resolution":[1280,720],"referenceResolution":[1280,720],"screenSpace":true,"scaleMode":"blend","scaleBlend":0.5}}},"0e7a5931-a193-426b-b2ba-37f8fbe339e7":{"name":"AgentLabelTemplate","tags":[],"enabled":true,"resource_id":"0e7a5931-a193-426b-b2ba-37f8fbe339e7","parent":"e7daed79-c2bb-4b92-b631-21dfb71073af","children":[],"position":[0,0,0],"rotation":[0,0,0],"scale":[1,1,1],"components":{"element":{"enabled":true,"useInput":false,"type":"text","anchor":[0.5,0.5,0.5,0.5],"pivot":[0.5,0.5],"text":"dddd","fontAsset":10046524,"fontSize":32,"lineHeight":32,"spacing":1,"color":[1,1,1],"opacity":1,"textureAsset":null,"width":69.891,"height":38,"margin":[-16,-16,-16,-16],"alignment":[0.5,0.5],"rect":[0,0,1,1],"autoWidth":true,"autoHeight":true,"materialAsset":null}}}},"id":567767}